{"0 <= Idade < 20 ": 0.029465930018416207, "20 <= Idade < 30 ": 0.04010989010989011, "30 <= Idade < 50 ": 0.07848737575688336, "50 <= Idade < 70 ": 0.15074147683840391, "70 <= Idade < 100000 ": 0.26036866359447003}