{"0 <= Idade < 20 ": 0.14947368421052631, "20 <= Idade < 30 ": 0.07094648119395418, "30 <= Idade < 50 ": 0.12403307851885532, "50 <= Idade < 70 ": 0.28153331179676816, "70 <= Idade < 100000 ": 0.5268706530867122}