{"0 <= Idade < 20 ": 0.08582398554543401, "20 <= Idade < 30 ": 0.10146611836223851, "30 <= Idade < 50 ": 0.14723785129437497, "50 <= Idade < 70 ": 0.3197513436074446, "70 <= Idade < 100000 ": 0.5481752241704266}