{"0 <= Idade < 20 ": 0.010407632263660017, "20 <= Idade < 30 ": 0.01332079611346184, "30 <= Idade < 50 ": 0.013847541723049165, "50 <= Idade < 70 ": 0.07596717731677942, "70 <= Idade < 100000 ": 0.24352393849379697}