{"sem vacina": {"0 <= Idade < 20 ": 0.07355182926829268, "20 <= Idade < 30 ": 0.08337555414819506, "30 <= Idade < 50 ": 0.13536964163018234, "50 <= Idade < 70 ": 0.30269612895246734, "70 <= Idade < 100000 ": 0.5266224287233722}, "pfizer": {"0 <= Idade < 20 ": 0.014744145706851692, "20 <= Idade < 30 ": 0.012380504623099827, "30 <= Idade < 50 ": 0.016801984663960306, "50 <= Idade < 70 ": 0.011785099222205964, "70 <= Idade < 100000 ": 0.005602393849379696}, "astrazeneca": {"0 <= Idade < 20 ": 0.006071118820468344, "20 <= Idade < 30 ": 0.014417802852217521, "30 <= Idade < 50 ": 0.037686062246278754, "50 <= Idade < 70 ": 0.08039081054918337, "70 <= Idade < 100000 ": 0.05815350340730386}, "jansen": {"0 <= Idade < 20 ": 0.0, "20 <= Idade < 30 ": 0.0003134304967873374, "30 <= Idade < 50 ": 0.0007668019846639603, "50 <= Idade < 70 ": 7.879244943213157e-05, "70 <= Idade < 100000 ": 4.368338284116722e-05}, "coronavac": {"0 <= Idade < 20 ": 0.010407632263660017, "20 <= Idade < 30 ": 0.01332079611346184, "30 <= Idade < 50 ": 0.013847541723049165, "50 <= Idade < 70 ": 0.07596717731677942, "70 <= Idade < 100000 ": 0.24352393849379697}}