{"Idade < 1": 0.14947368421052631, "1 <= Idade <= 5 ": 0.06285364734668909, "6 <= Idade <= 19 ": 0.07530952624577919, "20 <= Idade <= 29 ": 0.08258945038731096, "30 <= Idade <= 39 ": 0.10404155656978141, "40 <= Idade <= 49 ": 0.15173404515445432, "50 <= Idade <= 59 ": 0.22848212541512014, "60 <= Idade <= 69 ": 0.35551356458361455, "70 <= Idade <= 79 ": 0.47198248905565976, "80 <= Idade <= 89 ": 0.5739405640549391, "90 <= Idade <= 100000 ": 0.668047574502205}